,name,calories,protein,vitamins,rating
7,Basic 4,130,3,25,37.038562
1,100% Natural Bran,120,3,0,33.983678999999995
4,Vignesh,110,1,25,27.75
5,Apple Cinnamon Cheerios,110,2,25,29.509541
6,Apple Jacks,110,2,25,33.174094000000004
8,Bran Chex,90,2,25,49.12025300000001
9,Bran Flakes,90,3,25,53.313813
0,100% Bran,70,4,25,68.402973
2,All-Bran,70,4,25,59.425505
3,All-Bran with Extra Fiber,50,4,25,93.704912
